Namn;URL;Plats
Marathon du Medoc;https://raceraves.com/races/medoc-marathon/;Pauillac, France | Sep 7, 2019
IRONMAN Italy Emilia-Romagna;https://raceraves.com/races/ironman-italy-emilia-romagna/;Cervia, Italy | Sep 21, 2019
World’s Fastest Marathon;https://raceraves.com/races/worlds-fastest-marathon/;Pradollano, Sierra Nevada, Spain | Sep 22, 2019
Stone Wall Marathon;https://raceraves.com/races/stone-wall-marathon/;Ston, Croatia | Sep 22, 2019
Valamar Trail;https://raceraves.com/races/valamar-trail/;Labin, Croatia | Sep 28, 2019
IRONMAN Barcelona;https://raceraves.com/races/ironman-barcelona/;Calella, Spain | Oct 6, 2019
Lyon Marathon;https://raceraves.com/races/lyon-marathon/;Lyon, France | Oct 6, 2019
Palma Marathon Mallorca;https://raceraves.com/races/palma-marathon-mallorca/;Palma de Mallorca, Spain | Oct 13, 2019
Zagreb Marathon;https://raceraves.com/races/zagreb-marathon-half-marathon-citizens-race/;Zagreb, Croatia | Oct 13, 2019
Bilbao Night Marathon;https://raceraves.com/races/bilbao-night-marathon/;Bilbao, Spain | Oct 19, 2019
Chianti (We Run Italy);https://raceraves.com/races/chianti-we-run-italy/;Chianti, Italy | Oct 20, 2019
Marathon de Toulouse Metropole;https://raceraves.com/races/marathon-de-toulouse-metropole/;Toulouse, France | Oct 20, 2019
Ecomaratona del Chianti;https://raceraves.com/races/ecomaratona-del-chianti/;Sienna, Italy | Oct 20, 2019
Venice Marathon;https://raceraves.com/races/venice-marathon/;Venice, Italy | Oct 27, 2019
French Riviera Marathon;https://raceraves.com/races/french-riviera-marathon/;Nice, France | Nov 3, 2019
Lake Maggiore Marathon;https://raceraves.com/races/lake-maggiore-marathon/;Pallanza Verbania, Italy | Nov 3, 2019
Turin Marathon;https://raceraves.com/races/turin-marathon/;Turin, Italy | Nov 3, 2019
Athens Marathon. The Authentic;https://raceraves.com/races/athens-marathon-the-authentic/;Athens, Greece | Nov 9–10, 2019
Ravenna Marathon City of Art;https://raceraves.com/races/ravenna-marathon-city-of-art/;Ravenna, Italy | Nov 10, 2019
Verona Marathon;https://raceraves.com/races/verona-marathon/;Verona, Italy | Nov 17, 2019
Palermo City Marathon;https://raceraves.com/races/palermo-city-marathon/;Palermo, Italy | Nov 17, 2019
Beaujolais International Marathon;https://raceraves.com/races/beaujolais-international-marathon/;Villefranche-sur-Saone, France | Nov 23, 2019
Marathon de La Rochelle Serge Vigot;https://raceraves.com/races/marathon-de-la-rochelle-serge-vigot/;La Rochelle, France | Nov 24, 2019
Donostia – San Sebastian Marathon;https://raceraves.com/races/donostia-san-sebastian-marathon/;San Sebastian, Spain | Nov 24, 2019
Firenze (Florence) Marathon;https://raceraves.com/races/firenze-florence-marathon/;Florence, Italy | Nov 24, 2019
Trinidad Alfonso Valencia Marathon;https://raceraves.com/races/trinidad-alfonso-valencia-marathon/;Valencia, Spain | Dec 1, 2019
K42 Canarias Anaga Marathon;https://raceraves.com/races/k42-canarias-anaga-marathon/;San Cristóbal de La Laguna, Spain | Dec 6–8, 2019
Malaga Marathon;https://raceraves.com/races/malaga-marathon/;Malaga, Spain | Dec 15, 2019
Pisa Marathon;https://raceraves.com/races/pisa-marathon/;Pisa, Italy | Dec 15, 2019
;;
;;
;;
Source: ;;
